id,name,hotel,country,tourismAgent
1,Michelle Wallace,el haramen ,Switzerland,TravelUSAAgent
2,Matthew Taylor,Mariden,Vietnam,TravelCairoAgent
3,Teresa Johnson,abrag makka,Macedonia,TravelCairoAgent
4,David Davis,abrag makka,Kenya,FreeHajj
5,Joseph Villegas,Mariden,Kazakhstan,FreeHajj
6,Daniel Deleon,Hilton Makkah,Kenya,FreeHajj
7,Christine Jones,Mariden,Bouvet Island (Bouvetoya),FreeHajj
8,Bethany Stephens,Mariden,Russian Federation,TravelCairoAgent
9,Thomas Hunt,abrag makka,Turkey,TravelCairoAgent
10,James Sanchez,agyad,Ethiopia,FreeHajj
11,Sean Anderson,el haramen ,Burkina Faso,TravelUSAAgent
12,Matthew Gray,el haramen ,South Africa,FreeHajj
13,Jessica Lewis,el haramen ,Congo,TravelUSAAgent
14,Theresa Lewis,Mariden,Brunei Darussalam,FreeHajj
15,James Jones,Hilton Makkah,Fiji,TravelCairoAgent
16,Tyler Hodge,Hilton Makkah,Sweden,TravelUSAAgent
17,Charles Lee,abrag makka,United Kingdom,TravelCairoAgent
18,Paige Thomas,el haramen ,Bahamas,TravelCairoAgent
19,Jesse Miller,agyad,Canada,TravelCairoAgent
20,Monica Pennington,el haramen ,Falkland Islands (Malvinas),FreeHajj
21,Michael Carrillo,abrag makka,Martinique,TravelCairoAgent
22,Tracey Drake,abrag makka,Greenland,TravelCairoAgent
23,Steven Hicks,el haramen ,Djibouti,FreeHajj
24,Chelsea Macdonald,Mariden,Netherlands Antilles,TravelUSAAgent
25,Donna Hernandez,agyad,Turks and Caicos Islands,TravelUSAAgent
26,Emily Baird,agyad,Puerto Rico,FreeHajj
27,Kevin Chavez,Mariden,Antarctica (the territory South of 60 deg S),TravelCairoAgent
28,Valerie Bennett,abrag makka,Georgia,FreeHajj
29,Jessica Yu,abrag makka,Bhutan,FreeHajj
30,Ashley Hoffman,Mariden,Libyan Arab Jamahiriya,TravelUSAAgent
31,Joann Evans,Mariden,Denmark,TravelCairoAgent
32,Michael Fox,agyad,Morocco,TravelCairoAgent
33,Mrs. Brenda Knox,el haramen ,Bhutan,TravelUSAAgent
34,Victor Hernandez,Mariden,Antigua and Barbuda,FreeHajj
35,Jacob Gallagher,el haramen ,Kuwait,TravelUSAAgent
36,Marie Garner,Hilton Makkah,Zambia,TravelCairoAgent
37,Jeremy Jenkins,Mariden,Saint Kitts and Nevis,FreeHajj
38,Thomas Hernandez,agyad,Somalia,TravelCairoAgent
39,David Ramirez,Hilton Makkah,Korea,TravelUSAAgent
40,Brenda Lewis,agyad,French Southern Territories,TravelCairoAgent
